Task Name,Start Date,End Date,Assignee,Status,Priority,Hours,Duration,Category,Description
Project Initialization,2025-10-03,2025-10-03,Aliwate,COMPLETED,HIGH,8,1 day,Phase 1: Completed,"Establish project structure with Next.js 14, set up component library, implement dynamic data system, configure error handling and loading states. Create comprehensive README with setup instructions. Migrate from mock data to dynamic JSON system and fix all build errors."
Supabase Backend Integration,2025-10-04,2025-10-04,Aliwate,COMPLETED,HIGH,8,1 day,Phase 1: Completed,"Integrate Supabase backend services, configure database connections, set up real-time data subscriptions, and ensure proper runtime error handling across all modules."
Authentication System,2025-10-04,2025-10-04,Aliwate,COMPLETED,HIGH,8,1 day,Phase 1: Completed,"Implement complete authentication flow including sign-in, sign-up, and sign-out functionality. Optimize sign-in performance, ensure data consistency, and add multi-user support with proper session management."
Multi-tenant Database Schema,2025-10-05,2025-10-05,Aliwate,COMPLETED,HIGH,8,1 day,Phase 1: Completed,"Design and implement multi-tenant DDL schema for BakeSync ERP system. Create database tables with proper tenant isolation, set up relationships, and ensure data security at the database level."
Role-Based Access Control,2025-10-05,2025-10-05,Aliwate,COMPLETED,HIGH,6,1 day,Phase 1: Completed,"Implement comprehensive role-based access control (RBAC) system. Fix navigation sidebar display issues, establish permission enforcement mechanisms, and ensure demo accounts work correctly with proper role assignments."
3-Phase Onboarding System,2025-10-06,2025-10-07,Aliwate,COMPLETED,HIGH,16,2 days,Phase 1: Completed,"Implement comprehensive 3-phase user registration and onboarding system. Includes Phase 1: User registration logic, Phase 2: Enhanced onboarding with clean data initialization, and Phase 3: Enhanced user management with production features. Add completion tracking and proper redirection logic."
Email Verification Workflow,2025-10-06,2025-10-07,Aliwate,COMPLETED,HIGH,8,2 days,Phase 1: Completed,"Create complete email verification workflow using Supabase API. Implement email code validation, proper error handling, fix validation issues, and ensure smooth login redirect flow. Add conditional error display to suppress validation errors for valid codes."
Dynamic Routing System,2025-10-06,2025-10-06,Aliwate,COMPLETED,HIGH,8,1 day,Phase 1: Completed,"Implement dynamic routing with slug-based URLs and environment-specific data loading. Fix routing issues and module resolution errors. Create dynamic bakeshop routing with comprehensive page system functionality."
Playwright Testing Suite,2025-10-06,2025-10-06,Aliwate,COMPLETED,HIGH,8,1 day,Phase 1: Completed,"Add comprehensive Playwright testing suite with BDD (Behavior-Driven Development) support using Cucumber/Gherkin. Create feature files and step definitions for automated testing across all modules."
Recipe Management System,2025-10-06,2025-10-07,Aliwate,COMPLETED,HIGH,16,2 days,Phase 1: Completed,"Implement comprehensive recipe views with role-based access control. Fix recipe views navigation and data loading issues. Ensure proper permissions for Owner, Baker, and Cashier roles."
Bug Fixes & Optimization,2025-10-07,2025-10-08,Aliwate,COMPLETED,HIGH,16,2 days,Phase 1: Completed,"Resolve demo account authentication issues, fix role-based interface problems, optimize interface stability to prevent glitching during interactions. Fix ReferenceError issues with dashboard data loading, complete user account deletion feature, and improve error state management."
Final Testing & Cleanup,2025-10-08,2025-10-10,Aliwate,COMPLETED,MEDIUM,24,3 days,Phase 1: Completed,"Conduct final testing for demo accounts, validate role-based access control, perform system stabilization. Clean up debugging files, finalize repository organization, and ensure all features are production-ready."
M0: Project Proposal Approval,2025-10-02,2025-10-02,All,COMPLETED,HIGH,0,0 days,Milestone,"Project proposal officially approved by stakeholders. Project scope, timeline, budget, and team assignments confirmed. Documentation finalized and project officially initiated."
M1: Project Initialization,2025-10-03,2025-10-03,All,COMPLETED,HIGH,0,0 days,Milestone,"Project structure established with Next.js 14, initial component library setup, dynamic data system implemented, and comprehensive README created. All initial configuration and setup tasks completed."
M2: Authentication & User Management,2025-10-05,2025-10-05,All,COMPLETED,HIGH,0,0 days,Milestone,"Complete authentication system implemented including sign-in, sign-up, sign-out, multi-step onboarding, email verification, multi-tenant database schema, and role-based access control. All user management features functional."
M3: Core Business Modules,2025-10-06,2025-10-06,All,COMPLETED,HIGH,0,0 days,Milestone,"All core business modules implemented and functional: Recipe Management, Inventory Management, Point of Sale (POS), Production Management, Financial Management, Supply Chain Management, and Team Management. All modules with role-based access control."
M4: Testing Suite & QA,2025-10-07,2025-10-07,All,COMPLETED,HIGH,0,0 days,Milestone,"Comprehensive Playwright testing suite with BDD support implemented. Test coverage includes all modules, user workflows, and critical paths. Automated testing infrastructure in place and functioning."
M5: UI/UX Polish & Bug Fixes,2025-10-08,2025-10-08,All,COMPLETED,HIGH,0,0 days,Milestone,"All major bugs fixed, interface stability optimized, demo accounts working correctly, role-based interfaces validated, and UI/UX enhancements completed. System is stable and ready for production testing."
Implement advanced caching strategies (ALI-001),2025-10-28,2025-11-01,Aliwate,IN PROGRESS,HIGH,8,5 days,Phase 2: Aliwate,"Implement advanced caching strategies for data loading to improve performance. Analyze current data access patterns, implement browser-side caching, service worker caching for offline capabilities, and optimize API response caching. Target: Reduce API response time to <200ms."
Set up performance monitoring (ALI-002),2025-10-30,2025-11-02,Aliwate,PENDING,HIGH,6,4 days,Phase 2: Aliwate,"Set up comprehensive performance monitoring with analytics tools. Integrate performance tracking for page load times (target: <2 seconds), API response times, user interaction metrics, and error tracking. Configure dashboards for real-time monitoring."
Code review and optimization (ALI-003),2025-11-01,2025-11-03,Aliwate,PENDING,MEDIUM,6,3 days,Phase 2: Aliwate,"Conduct thorough code review of critical paths including authentication flow, data loading, routing, and database queries. Optimize identified bottlenecks, refactor inefficient code, and improve code maintainability. Ensure best practices are followed."
Implement Redis caching (ALI-004),2025-11-02,2025-11-04,Aliwate,PENDING,MEDIUM,8,3 days,Phase 2: Aliwate,"Implement Redis caching layer for frequently accessed data such as user sessions, recipe data, inventory information, and dashboard statistics. Configure cache invalidation strategies and ensure data consistency. Set up Redis infrastructure."
Final production deployment (ALI-005),2025-11-06,2025-11-08,Aliwate,PENDING,HIGH,4,3 days,Phase 2: Aliwate,"Execute final production deployment and configuration. Deploy to production environment, configure environment variables, verify all services are running correctly, perform smoke tests, and ensure rollback procedures are in place."
End-to-end testing across all modules (DEL-001),2025-10-28,2025-11-01,Del Rio,PENDING,HIGH,10,5 days,Phase 2: Del Rio,"Conduct comprehensive end-to-end testing across all modules including Authentication, Recipe Management, Inventory, POS, Production, Financial, Supply Chain, and Team Management. Test user workflows, data integrity, and cross-module interactions. Ensure test coverage >90%."
Mobile responsiveness testing (DEL-002),2025-10-30,2025-11-02,Del Rio,PENDING,HIGH,6,4 days,Phase 2: Del Rio,"Test mobile responsiveness on multiple devices (iOS, Android) and screen sizes. Verify touch interactions, form inputs, navigation, and all UI components work correctly on mobile. Test on various browsers (Chrome, Safari, Firefox mobile)."
Load testing and stress testing (DEL-003),2025-11-01,2025-11-03,Del Rio,PENDING,MEDIUM,8,3 days,Phase 2: Del Rio,"Perform load testing and stress testing for production readiness. Test system under high concurrent user loads, measure performance degradation points, identify bottlenecks, and ensure system handles expected traffic volumes without failures."
Document test cases and create manual (DEL-004),2025-11-03,2025-11-05,Del Rio,PENDING,MEDIUM,6,3 days,Phase 2: Del Rio,"Document all test cases with detailed steps, expected results, and test data. Create comprehensive testing manual for future reference, including test scenarios for each module, regression test suites, and manual testing procedures."
Bug tracking and regression testing (DEL-005),2025-11-04,2025-11-06,Del Rio,PENDING,HIGH,8,3 days,Phase 2: Del Rio,"Track and verify all reported bugs, perform regression testing to ensure fixes don't introduce new issues. Test previously fixed bugs to prevent regressions. Ensure bug count is <5 critical bugs before launch. Document bug resolution process."
Create UAT scenarios (DEL-006),2025-11-06,2025-11-07,Del Rio,PENDING,LOW,4,2 days,Phase 2: Del Rio,"Create comprehensive user acceptance testing (UAT) scenarios covering all major user roles (Owner, Baker, Cashier). Design realistic workflows, test data sets, and success criteria. Prepare UAT environment and coordinate with stakeholders."
UI/UX audit and identify improvements (RAV-001),2025-10-28,2025-10-30,Raviz,PENDING,HIGH,6,3 days,Phase 2: Raviz,"Conduct comprehensive UI/UX audit across all modules. Identify areas for improvement in user flows, visual design, interaction patterns, and overall user experience. Create prioritized list of enhancements with recommendations."
Implement accessibility improvements (RAV-002),2025-10-30,2025-11-01,Raviz,PENDING,HIGH,8,3 days,Phase 2: Raviz,"Implement accessibility improvements to achieve WCAG 2.1 AA compliance. Add proper ARIA labels, ensure keyboard navigation, improve color contrast ratios, add alt text for images, and verify screen reader compatibility. Test with accessibility tools."
Polish loading states and transitions (RAV-003),2025-11-01,2025-11-02,Raviz,PENDING,MEDIUM,6,2 days,Phase 2: Raviz,"Polish loading states and transitions across all pages. Ensure smooth animations, consistent loading indicators, skeleton screens for better perceived performance, and proper feedback for user actions. Improve visual consistency of transitions."
Create comprehensive user manual (RAV-004),2025-11-02,2025-11-04,Raviz,PENDING,HIGH,10,3 days,Phase 2: Raviz,"Create comprehensive user manual and documentation covering all modules. Include step-by-step guides, feature descriptions, role-based instructions, troubleshooting tips, FAQ section, and screenshots. Format for both web and PDF distribution."
Design onboarding tooltips/guides (RAV-005),2025-11-04,2025-11-05,Raviz,PENDING,MEDIUM,6,2 days,Phase 2: Raviz,"Design and implement interactive onboarding tooltips and guides for new users. Create contextual help system, feature discovery tours, and tooltip overlays that guide users through key features and workflows. Ensure non-intrusive design."
Create video tutorials (RAV-006),2025-11-05,2025-11-07,Raviz,PENDING,LOW,8,3 days,Phase 2: Raviz,"Create video tutorials for each major module including Authentication, Dashboard, Recipe Management, Inventory, POS, Production, Financial, Supply Chain, and Team Management. Include voice-over narration, screen recordings, and editing."
Security audit and penetration testing (ILA-001),2025-10-28,2025-11-01,Ilagan,PENDING,HIGH,10,5 days,Phase 2: Ilagan,"Conduct comprehensive security audit and penetration testing. Review authentication mechanisms, authorization controls, SQL injection vulnerabilities, XSS protection, CSRF tokens, API security, and data encryption. Document findings and remediation steps."
Implement rate limiting and DDoS protection (ILA-002),2025-10-30,2025-11-02,Ilagan,PENDING,HIGH,6,4 days,Phase 2: Ilagan,"Implement rate limiting and DDoS protection mechanisms. Configure API rate limits per user/IP, set up DDoS mitigation services, implement CAPTCHA for suspicious activities, and configure firewall rules. Ensure system can handle malicious traffic."
Set up error tracking with Sentry (ILA-003),2025-10-30,2025-11-02,Ilagan,PENDING,HIGH,4,4 days,Phase 2: Ilagan,"Set up error tracking with Sentry or similar service. Configure error logging, exception tracking, performance monitoring, and alerting. Set up notification rules for critical errors and create error tracking dashboard for monitoring."
Configure database backups and recovery (ILA-004),2025-11-01,2025-11-03,Ilagan,PENDING,HIGH,6,3 days,Phase 2: Ilagan,"Configure production database backups and recovery procedures. Set up automated daily backups, configure point-in-time recovery, test backup restoration process, document recovery procedures, and ensure backup data is stored securely off-site."
Set up CI/CD pipeline (ILA-005),2025-11-03,2025-11-05,Ilagan,PENDING,MEDIUM,8,3 days,Phase 2: Ilagan,"Set up CI/CD pipeline with automated testing. Configure build processes, automated test execution, code quality checks, deployment automation, and rollback capabilities. Integrate with version control and set up staging environments."
Create deployment runbook and DR plan (ILA-006),2025-11-04,2025-11-06,Ilagan,PENDING,MEDIUM,6,3 days,Phase 2: Ilagan,"Create comprehensive deployment runbook and disaster recovery plan. Document step-by-step deployment procedures, rollback procedures, disaster recovery scenarios, contact information, escalation procedures, and recovery time objectives (RTO) and recovery point objectives (RPO)."
Configure SSL certificates and domain (ILA-007),2025-11-05,2025-11-07,Ilagan,PENDING,HIGH,4,3 days,Phase 2: Ilagan,"Configure SSL certificates and domain setup. Obtain and install SSL/TLS certificates, configure HTTPS redirects, set up proper DNS records, ensure certificate auto-renewal, and verify security headers. Test SSL configuration and certificate validity."
M6: Performance Optimization,2025-11-04,2025-11-04,All,IN PROGRESS,HIGH,0,0 days,Milestone,"Advanced caching strategies implemented, performance monitoring set up, code optimized for critical paths, and Redis caching layer configured. Target: Page load time <2 seconds, API response <200ms."
M7: Production Deployment,2025-11-08,2025-11-08,All,PENDING,HIGH,0,0 days,Milestone,"Production environment configured, all security measures in place, CI/CD pipeline operational, database backups configured, SSL certificates installed, and final production deployment executed. System ready for user acceptance testing."
Performance Optimization Review,2025-11-01,2025-11-01,All,PENDING,HIGH,0,0 days,Review,"Review progress on advanced caching strategies, performance monitoring setup, and code optimization efforts. Assess whether performance targets (page load <2s, API <200ms) are being met. Review monitoring dashboards and identify any remaining bottlenecks."
Security Audit Results,2025-11-04,2025-11-04,All,PENDING,HIGH,0,0 days,Review,"Review results from security audit and penetration testing. Analyze identified vulnerabilities, prioritize remediation efforts, and verify that critical security issues have been addressed. Ensure all security measures meet production standards."
Pre-deployment Checklist Review,2025-11-08,2025-11-08,All,PENDING,HIGH,0,0 days,Review,"Conduct final review before production deployment. Verify all deployment configurations, test rollback procedures, confirm backup systems are working, review monitoring and alerting setup, and ensure all team members are ready for launch. Final go/no-go decision point."
M8: User Acceptance Testing,2025-11-11,2025-11-11,All,PENDING,HIGH,0,0 days,Milestone,"User acceptance testing completed with all stakeholders. UAT scenarios executed, feedback collected, critical issues resolved, and approval obtained. Target: User satisfaction >4.5/5.0 rating. System approved for launch."
UAT Feedback Collection,2025-11-11,2025-11-11,All,PENDING,HIGH,0,0 days,Review,"Collect and analyze feedback from user acceptance testing. Prioritize issues, plan fixes, and determine if system meets acceptance criteria. Coordinate with stakeholders to address critical feedback and ensure user satisfaction targets are met."
M9: Official Launch,2025-11-15,2025-11-15,All,PENDING,HIGH,0,0 days,Milestone,"Official launch of BakeSync ERP System. All systems operational, documentation complete, support processes in place, and system available to end users. Project completion achieved with all milestones met."
