WBS #,Group Name,Task Name,Start Date,End Date,Estimated Hours,% Complete,Notes,Comments,Task Color
,Week 3: UI/UX Improvements - Raviz,Complete UI/UX Audit and Implement Improvements,2025-11-19,2025-11-21,8,0,"[Assigned to: Raviz] Complete comprehensive UI/UX audit across all modules. Implement identified improvements in user flows, visual design, and interaction patterns. Focus on consistency and user experience enhancements.",,Red
,Week 3: Bug Fixes - Aliwate,Fix Remaining Backend Issues,2025-11-19,2025-11-20,6,0,"[Assigned to: Aliwate] Address remaining backend issues including database query optimization, error handling improvements, and API response consistency.",,Red
,Week 3: Testing - Ilagan,Comprehensive System Testing and Bug Reporting,2025-11-19,2025-11-21,10,0,"[Assigned to: Ilagan] Conduct comprehensive testing across all modules. Document bugs, usability issues, and performance problems. Create prioritized bug report for team.",,Red
,Week 3: Performance - Aliwate,Complete Performance Optimization,2025-11-21,2025-11-22,6,0,"[Assigned to: Aliwate] Complete remaining performance optimization tasks. Optimize database queries, implement caching strategies, and improve page load times.",,Red
,Week 3: Documentation - Carlos,Update Project Documentation,2025-11-24,2025-11-25,4,0,"[Assigned to: Carlos] Update all project documentation including README, API documentation, and user guides. Ensure documentation reflects current system state.",,Red
,Week 4: Final Fixes - Aliwate,Address Critical Bugs from Testing,2025-11-26,2025-11-28,8,0,[Assigned to: Aliwate] Fix critical bugs identified during comprehensive testing. Prioritize issues affecting core functionality and user experience.,,Red
,Week 4: UI/UX Polish - Raviz,Final UI/UX Polish and Consistency Check,2025-11-26,2025-11-27,6,0,"[Assigned to: Raviz] Final UI/UX polish pass. Ensure design consistency across all modules, verify responsive design, and improve accessibility.",,Red
,Week 4: Testing - Ilagan,Regression Testing and Final Validation,2025-11-29,2025-12-01,8,0,[Assigned to: Ilagan] Perform regression testing on fixed issues. Validate all fixes work correctly and no new issues were introduced. Final system validation.,,Red
,Week 4: Deployment Prep - Carlos,Production Deployment Preparation,2025-11-29,2025-12-01,6,0,"[Assigned to: Carlos] Prepare for production deployment. Configure environment variables, verify security settings, and prepare deployment checklist.",,Red
,Week 4: Code Review - Aliwate,Final Code Review and Cleanup,2025-12-01,2025-12-02,4,0,"[Assigned to: Aliwate] Conduct final code review. Remove debug code, clean up unused files, optimize imports, and ensure code quality standards.",,Red
,Milestone,M7: Production Deployment Ready,2025-12-02,2025-12-02,0,0,"All critical bugs fixed, performance optimized, UI/UX polished, and system validated. Production environment configured and ready for deployment.",,Red
